CODE_PROD,LIB_PROD,total_qty,n_weeks,first_week,last_week,avg_weekly_qty,max_weekly_qty,enough_history
5BB090420,GANT D'EXAMEN EN LATEX NON POUDRE TAILLE,21900.0,36,2023-03-13,2024-01-29,608.3333333333334,1900.0,True
5BB090300,GANT D'EXAMEN EN LATEX POUDRE M,15700.0,34,2022-05-30,2023-12-11,461.7647058823529,1099.0,True
5BB090084,GANT D'EXAMEN EN LATEX NON POUDRE,10200.0,24,2022-11-07,2023-11-20,425.0,800.0,True
5BB060068,COMPRESSE STERILE TISSE 5X5 PQT 5,10149.0,84,2022-06-27,2024-01-29,120.82142857142857,300.0,True
5BB090021,BAVETTES,8630.0,65,2022-05-30,2024-01-15,132.76923076923077,500.0,True
5BB010143,SERINGUE 10ML,7698.0,88,2022-05-30,2024-01-29,87.47727272727273,142.0,True
5BB090004,ABAISSE LANGUE EN BOIS BTE 100 ADULT,7000.0,50,2022-06-06,2023-10-09,140.0,500.0,True
5BB140030,SACHET POUR TRANSFER DES TUBES,6985.0,102,2022-05-30,2024-01-29,68.48039215686275,1881.0,True
5BB090531,GANT D'EXAMEN EN NITRILE NON POUDRE,6900.0,16,2023-01-30,2023-12-18,431.25,1700.0,False
5BB010089,PERFUSEUR A SERUM AVEC ROBINET,6266.0,89,2022-05-30,2024-01-29,70.40449438202248,105.0,True
5BB140034,TAMPON ALCOLISE LINGETTE P. ECBU ESP,6223.0,88,2022-05-30,2024-01-29,70.7159090909091,136.0,True
5BB010075,INTRANULE G 20,5875.0,88,2022-05-30,2024-01-29,66.76136363636364,108.0,True
5BB060056,CHARLOTTES FEMME BLEU ET VERT,5801.0,49,2022-05-30,2024-01-29,118.38775510204081,500.0,True
5BB090014,BANDELETTE ET LANCETTE CONTOUR PLUS,5800.0,88,2022-05-30,2024-01-29,65.9090909090909,214.0,True
5BB140044,TUBE HEPARINE  4ML,5298.0,92,2022-05-30,2024-01-29,57.58695652173913,451.0,True
T00058,MASQUE DE PROTECTION FFP 2,4828.0,51,2022-05-30,2024-01-15,94.66666666666667,250.0,True
5BB140048,TUBE ROUGE SEC 4ML,4807.0,91,2022-05-30,2024-01-29,52.824175824175825,531.0,True
T00095,TUBE  EDTA-K2 4ML,4466.0,91,2022-05-30,2024-01-22,49.07692307692308,451.0,True
5BB050214,ELECTRODE ECG ADULTE/ENFANT,4418.0,88,2022-05-30,2024-01-29,50.20454545454545,103.0,True
5AD100004,OMEPRAZOLE NORMON 40 MG  40MG INJECTA (0,4393.0,88,2022-05-30,2024-01-29,49.92045454545455,151.0,True
5AD010083,PARACETAMOL NORMON 10  INJECTA (50),4161.0,89,2022-05-30,2024-01-29,46.752808988764045,102.0,True
5BB060063,COMPRESSE STERILE  TISSE 10X10 PQT5,3920.0,88,2022-05-30,2024-01-29,44.54545454545455,115.0,True
5BB090216,GANT D'EXAMEN EN LATEX POUDRE TAILLE,3900.0,13,2022-06-06,2022-11-07,300.0,599.0,False
5AD100002,CLOPRAME 10 MG/2ML SOLUT 10MG/2ML INJECT,3316.0,89,2022-05-30,2024-01-29,37.258426966292134,73.0,True
5AD010001,ACUPAN 20 MG SOLUTION IN 20MG INJECTA (0,2604.0,88,2022-05-30,2024-01-29,29.59090909090909,63.0,True
5BB010014,AIGUILLE DE PRELEVEMENT 22G25MM,2403.0,88,2022-05-30,2024-01-29,27.306818181818183,78.0,True
5BB090004,ABAISSE LANGUE EN BOIS BTE 100,2300.0,12,2023-10-23,2024-01-29,191.66666666666666,400.0,False
5BB060105,SPARADRAP HYPO  10CMX10M,1947.0,82,2022-06-06,2024-01-29,23.74390243902439,220.0,True
5AD010043,NO-SPA 40MG/2ML SOLUT   INJECTA (05),1924.0,65,2022-05-30,2023-10-16,29.6,72.0,True
5BB090171,SURCHAUSSURES EN POLETHY N.TISSE BIO,1795.0,36,2022-06-06,2024-01-22,49.861111111111114,400.0,True
5BB010102,SERINGUE 20ML,1711.0,89,2022-05-30,2024-01-29,19.224719101123597,87.0,True
5BB090351,GANT D'EXAMEN EN NITRILE NON POUDRE,1600.0,5,2023-02-20,2023-08-28,320.0,700.0,False
5BB010104,SERINGUE 5ML,1496.0,89,2022-05-30,2024-01-29,16.808988764044944,81.0,True
5BB090421,GANT D'EXAMEN EN LATEX NON POUDRE TAILLE,1400.0,5,2022-10-17,2023-04-17,280.0,500.0,False
5BB060059,COMPRESSE NON TISSE 5X5 (5 PIECES),1311.0,83,2022-05-30,2024-01-29,15.795180722891565,172.0,True
5BB060121,SPARADRAP TEGADERM IV 6CMX7CM,1279.0,69,2022-05-30,2024-01-15,18.536231884057973,63.0,True
5AD010036,MIDAZOLAM AGUETTANT 5 MG 5MG INJECTA (10,1186.0,88,2022-05-30,2024-01-29,13.477272727272727,47.0,True
5BB010076,INTRANULE G 22,1104.0,88,2022-05-30,2024-01-29,12.545454545454545,31.0,True
5BB140081,FLACON DE PRELEV D'URINE SOUS VIDE 120ML,1094.0,88,2022-05-30,2024-01-29,12.431818181818182,24.0,True
5BB010074,INTRANULE G 18,1020.0,89,2022-05-30,2024-01-29,11.460674157303371,35.0,True
5BB140010,FLACON POUR URINE ECBU 60ML,1015.0,88,2022-05-30,2024-01-29,11.534090909090908,30.0,True
5BB010100,SERINGUE 1ML,1013.0,88,2022-05-30,2024-01-29,11.511363636363637,25.0,True
5BB140043,TUBE EDTA-K2 2ML,773.0,60,2022-05-30,2024-01-22,12.883333333333333,105.0,True
5AD020035,MAXICLAV 1G/200 MG PO  1G/200  POUDRE (0,752.0,86,2022-05-30,2024-01-29,8.744186046511627,30.0,True
5BB010077,INTRANULE G 24,702.0,86,2022-06-06,2024-01-29,8.162790697674419,27.0,True
5BB140046,TUBE HEPARINE 2ML,681.0,44,2022-05-30,2024-01-15,15.477272727272727,296.0,True
5BB060082,DRAP P. TABLE D'EXAMEN BLANC,679.0,88,2022-05-30,2024-01-29,7.715909090909091,37.0,True
5BB090169,SURBLOUSE VISITEUR NON STÉRILE,628.0,24,2022-06-06,2023-01-16,26.166666666666668,220.0,True
5BB010117,SET DE SUTURE REF470258,627.0,87,2022-05-30,2024-01-29,7.206896551724138,20.0,True
5BB060014,BANDE DE CREPE  5 CM,621.0,86,2022-05-30,2024-01-22,7.22093023255814,22.0,True
5BB020005,POCHE A URINE ADULTE,606.0,88,2022-05-30,2024-01-29,6.886363636363637,17.0,True
5BB060012,BANDE DE CREPE  10 CM,597.0,83,2022-05-30,2024-01-29,7.192771084337349,18.0,True
5BB090017,BANDELETTE URINAIRE 10 PARAMETRES B/,566.0,88,2022-05-30,2024-01-29,6.431818181818182,19.0,True
5BB010101,SERINGUE 2.5ML,559.0,79,2022-05-30,2024-01-29,7.075949367088608,19.0,True
5AD070020,FURILAN 20 MG SOLUTÉ INJ 20MG INJECTA (0,545.0,59,2022-05-30,2024-01-22,9.23728813559322,41.0,True
5BB090109,LUNETTE A OXYGENE ADULTE,524.0,87,2022-05-30,2024-01-29,6.022988505747127,15.0,True
5AD070005,ADRENALINE 1 MG AMPOULE  1MG INJECTA (10,522.0,63,2022-06-06,2024-01-29,8.285714285714286,49.0,True
5AD220021,GLUCOSE 5% SOLUTION POUR 5%Po500ml INJEC,508.0,87,2022-05-30,2024-01-29,5.839080459770115,145.0,True
5BB060001,ALESE 60X90CM,494.0,85,2022-05-30,2024-01-29,5.811764705882353,24.0,True
5AD010052,SOLUMEDROL 120 MG/2ML INJECTABLE 1 FLACO,469.0,76,2022-05-30,2023-12-18,6.171052631578948,22.0,True
5BB060144,PANSEMENT CUTICCELL CLASSIC 10X10CM,444.0,58,2022-06-13,2024-01-29,7.655172413793103,26.0,True
5BB060107,SPARADRAP HYPO 20CMX10M,442.0,32,2022-11-14,2024-01-29,13.8125,71.0,True
5BB090290,GANT DE CHIR.STERILE EN LATEX T 08,429.0,81,2022-05-30,2024-01-22,5.296296296296297,28.0,True
5BB060070,COMPRESSE STERILE TISSE 7.5X7.5 PQT5,429.0,24,2022-11-14,2024-01-22,17.875,36.0,True
5AB120006,PLAVIX 75 MG COMPRIMÉ  COMPRIM (28),423.0,32,2022-06-20,2024-01-22,13.21875,88.0,True
5AD010038,MORPHINE SOTHEMA 10MG  INJECTA (10),416.0,88,2022-05-30,2024-01-29,4.7272727272727275,10.0,True
5BB030048,MASQUE NEBULISEUR ADULTE,415.0,79,2022-06-06,2024-01-29,5.253164556962025,15.0,True
5AB070203,CERUVIN 75MG BOITE DE 28 75MG COMPRIM (2,408.0,9,2023-07-31,2024-01-29,45.333333333333336,224.0,False
5BB030049,MASQUE NEBULISEUR ENFANT,407.0,78,2022-05-30,2024-01-29,5.217948717948718,20.0,True
5AD020080,TRICEF 1G/10ML INJECT  INJECTA (01),390.0,43,2023-02-20,2024-01-29,9.069767441860465,20.0,True
5BB140038,TUBE CITRATE 4 ML,375.0,19,2022-05-30,2023-12-18,19.736842105263158,51.0,False
T00161,ASPEGIC NOUR 100MG SA 100MG SACHET (20),368.0,14,2022-10-31,2024-01-29,26.285714285714285,120.0,False
5BB140037,TUBE CITRATE 1.8ML,361.0,45,2022-05-30,2024-01-22,8.022222222222222,33.0,True
5AD010002,ANDOL 1G INJECTABLE BOIT 1G INJECTA (01),335.0,16,2022-08-01,2023-12-25,20.9375,56.0,False
5AD020110,METRONIDAZOLE 5MG -ML  INJECTA (01),334.0,63,2022-08-22,2023-11-13,5.301587301587301,19.0,True
5AB150150,TARAXET 25MG COMPRIME (3 25MG COMPRIM (3,331.0,10,2022-08-01,2023-11-27,33.1,60.0,False
5BB010108,SERINGUE FILTAGE 50/60ML,328.0,75,2022-06-06,2024-01-22,4.373333333333333,23.0,True
5AD010048,PROFENID 100 MG /2ML SOL 100MG/2ML INJEC,303.0,77,2022-05-30,2024-01-22,3.935064935064935,11.0,True
5BB090422,SURBLOUSE JETABLE,300.0,15,2023-01-16,2024-01-22,20.0,50.0,False
5BB060089,ELASTOPLASTE TENSOPLSTE 2.5X15CM,290.0,30,2022-06-13,2023-12-11,9.666666666666666,30.0,True
5AD010010,COLTRAX 4 MG / 2 ML B  INJECTA (06),288.0,53,2022-06-06,2024-01-22,5.433962264150943,31.0,True
5AB010134,ASPEGIC NOUR 100MG SACHE 100MG SACHET (2,285.0,25,2022-05-30,2024-01-08,11.4,120.0,True
5BB060025,BANDE DE RESINE  10X3.6M,281.0,52,2022-06-13,2024-01-22,5.403846153846154,16.0,True
5BB090134,PROLONGATEUR  EN PVC 1.5MMX1.50,275.0,71,2022-06-06,2024-01-22,3.8732394366197185,22.0,True
5BB030042,MASQUE A O2 HAUT CONCENTRATION AD,270.0,82,2022-05-30,2024-01-29,3.292682926829268,15.0,True
5BB020013,SONDE FOLEY  LATEX CH14,268.0,80,2022-05-30,2024-01-29,3.35,10.0,True
5BB090036,BRACELET D'IDENTIFICATION ADULTE,252.0,64,2022-06-20,2024-01-29,3.9375,12.0,True
5BB060088,ELASTOPLASTE TENSOPLSTE 2.5X10CM,250.0,25,2022-11-07,2024-01-22,10.0,20.0,True
5BB060026,BANDE DE RESINE  5X3.6M,249.0,49,2022-05-30,2024-01-22,5.081632653061225,17.0,True
5AD150007,GARDENAL 40MG INJECTA (0 40MG INJECTA (0,247.0,16,2022-06-20,2024-01-15,15.4375,40.0,False
5BB060021,BANDE DE PROTECTION 10CM,217.0,54,2022-05-30,2024-01-22,4.018518518518518,13.0,True
5AB070109,TANGANIL 500MG COMPRI  COMPRIM (30),214.0,6,2022-08-29,2024-01-08,35.666666666666664,90.0,False
5AD160067,ONDANSETRON GT 8 MG/4ML  8MG/4ML INJECTA,210.0,67,2022-06-13,2024-01-22,3.1343283582089554,9.0,True
5BB070427,LAME DE BISTOURI N°24,208.0,70,2022-05-30,2024-01-22,2.9714285714285715,9.0,True
5BB060015,BANDE DE CREPE 15CM,208.0,59,2022-05-30,2024-01-22,3.5254237288135593,14.0,True
5BB090293,GANT DE CHIR.STERILE EN LATEX T 07,203.0,77,2022-05-30,2024-01-22,2.6363636363636362,10.0,True
5BB020004,POCHE  A URINE BEBE,201.0,69,2022-05-30,2024-01-29,2.9130434782608696,11.0,True
5BB060112,SPARADRAP PREDECOUPE,199.0,12,2022-05-30,2022-09-05,16.583333333333332,36.0,False
5AD070025,NICARDIPINE AGUETTANT 10 10MG INJECTA (1,198.0,68,2022-05-30,2024-01-29,2.911764705882353,20.0,True
5AD010077,METHYLPREDNISOLONE 12 120MG INJECTA (20),197.0,29,2022-05-30,2024-01-29,6.793103448275862,84.0,True
5AD070013,CORDARONE 150MG/3ML S 150MG/3ML INJECTA,195.0,25,2022-06-20,2024-01-01,7.8,55.0,True
5AA080062,ALCOOL 70° DEZENFEKT SPR 70° SPRAY (01),188.0,65,2022-06-06,2024-01-15,2.8923076923076922,8.0,True
5BB020014,SONDE FOLEY  LATEX CH16,187.0,70,2022-05-30,2024-01-29,2.6714285714285713,8.0,True
5AD070021,LASILIX 20MG/2ML SOLU 20MG/2ML INJECTA (,186.0,29,2022-06-13,2024-01-22,6.413793103448276,17.0,True
5AB140139,STANORM 20MG COMPRIME (3 20MG COMPRIM (3,180.0,1,2023-10-02,2023-10-02,180.0,180.0,False
5AB020112,MAXICLAV 1 G / 125 MG  SACHET (12),168.0,6,2023-12-04,2024-01-22,28.0,48.0,False
5BB090178,THERMOMETRE SANS MERCURE A AFFICHAGE,162.0,64,2022-06-06,2024-01-29,2.53125,11.0,True
5AD140001,ACTRAPID HM 100 UI/ML SO 100UI/ML INJECT,160.0,66,2022-06-13,2024-01-29,2.4242424242424243,6.0,True
5AA190003,VENTOLINE NEB 50MG/10 50MG/10ML Nébulis,158.0,69,2022-06-13,2024-01-22,2.289855072463768,6.0,True
5BB060027,BANDE DE RESINE  7.5X3.6M,155.0,40,2022-05-30,2024-01-22,3.875,11.0,True
4AA010118,TEST ANTIGENIQUE COVID 19,150.0,7,2023-12-11,2024-01-29,21.428571428571427,132.0,False
5BB090111,LUNETTE A OXYGENE PEDIA,149.0,60,2022-05-30,2024-01-22,2.4833333333333334,10.0,True
5AD010054,SOLUMEDROL 40 MG/2ML   INJECTA (01),146.0,45,2022-06-06,2023-11-27,3.2444444444444445,12.0,True
5ad020105,UNKNOWN,146.0,29,2023-05-01,2023-11-13,5.0344827586206895,12.0,True
5AD020025,GENTAMYCINE LLORENTE   INJECTA (06),145.0,42,2022-06-06,2024-01-29,3.4523809523809526,51.0,True
5BB010015,AIGUILLE EPICRANIENNE  G25,144.0,48,2022-05-30,2024-01-08,3.0,15.0,True
5BB090319,ETUI PENIEN L,143.0,66,2022-05-30,2024-01-22,2.1666666666666665,7.0,True
5AD020105,CIPROFLOXACINE NORMON  POCHE (50),142.0,43,2023-02-27,2024-01-29,3.302325581395349,10.0,True
T00686,METRONIDAZOLE 500MG NORMON  INJECTA (50),133.0,37,2022-12-26,2024-01-29,3.5945945945945947,50.0,True
5BB060023,BANDE DE PROTECTION 5CM,132.0,45,2022-06-06,2024-01-22,2.933333333333333,7.0,True
5BB080013,ETHILON 5/0 CT 3/8 16MM PROM,129.0,59,2022-05-30,2024-01-22,2.1864406779661016,7.0,True
5BB010109,SERINGUE GAVAGE 50/60 ML,125.0,57,2022-06-20,2024-01-22,2.192982456140351,7.0,True
5AB010005,ANDOL 500 MG COMPRIMÉ BO 500MG COMPRIM (,120.0,2,2023-04-03,2023-11-13,60.0,100.0,False
5BB140009,FLACON DE PRELEVEMENT P.SELLE 100ML,116.0,46,2022-07-04,2024-01-15,2.5217391304347827,9.0,True
5BB060022,BANDE DE PROTECTION 15CM,115.0,38,2022-06-13,2024-01-22,3.026315789473684,8.0,True
5BB060064,COMPRESSE STERILE RX TISSE 10X10 PQT,114.0,23,2022-11-14,2024-01-29,4.956521739130435,16.0,True
5BB070429,LAME DE BISTOURI N°15,107.0,48,2022-05-30,2024-01-08,2.2291666666666665,7.0,True
5AB130009,ZYRTEC 10 MG BOITE DE  COMPRIM (15),105.0,6,2022-08-22,2023-09-18,17.5,30.0,False
5AD250007,SAT SERUM ANTI TETANI  INJECTA (01),102.0,34,2022-05-30,2023-08-28,3.0,9.0,True
5BB060028,BANDE DE RESINE 12.5X3.6M,101.0,26,2022-08-29,2023-12-25,3.8846153846153846,9.0,True
5BB060053,CHAMP TROUE 50X60,98.0,44,2022-06-13,2024-01-15,2.227272727272727,6.0,True
5BB090049,CART.CG4 X 25 TESTS,95.0,37,2022-06-13,2023-05-29,2.5675675675675675,7.0,True
5AD010093,METHYLPREDNISOLONE 40 40MG INJECTA (20),95.0,21,2023-09-11,2024-01-29,4.523809523809524,14.0,True
5BB060013,BANDE DE CREPE  20 CM,94.0,35,2022-05-30,2024-01-08,2.6857142857142855,13.0,True
5BB060115,SPARADRAP TEGADERM 3M 10X12CM,94.0,37,2022-06-13,2024-01-15,2.5405405405405403,13.0,True
5BB090049,CART.CG4,92.0,29,2023-06-12,2024-01-29,3.1724137931034484,7.0,True
5BB060017,BANDE DE GAZE 10CM,92.0,34,2022-05-30,2024-01-29,2.7058823529411766,8.0,True
5BB060024,BANDE DE PROTECTION 7.5CM,91.0,35,2022-06-27,2024-01-22,2.6,9.0,True
5AB070023,CARDENSIEL 5MG COMPRI  COMPRIM (30),90.0,3,2023-04-10,2023-06-19,30.0,30.0,False
5AD220011,CHLORURE SODIUM 100ML  INJECTA (01),90.0,22,2022-07-18,2023-11-13,4.090909090909091,8.0,True
5BB060020,BANDE DE GAZE 5CM,88.0,33,2022-06-06,2024-01-22,2.6666666666666665,8.0,True
5BB010103,UNKNOWN,87.0,31,2023-05-01,2024-01-15,2.806451612903226,9.0,True
5BB060018,BANDE DE GAZE 15CM,87.0,37,2022-05-30,2023-12-04,2.3513513513513513,8.0,True
5BB060112,SPARADRAP PREDECOUPE CLASSIC,83.0,25,2023-02-27,2024-01-15,3.32,12.0,True
5BB010013,AIGUILLE DE PRELEVEMENT 22G25M,83.0,45,2022-06-06,2023-12-25,1.8444444444444446,7.0,True
5AD120027,UNKNOWN,82.0,35,2022-06-13,2023-06-05,2.342857142857143,6.0,True
5BB070126,FILTRE ANTIBACTERIEN  ADULTE,82.0,39,2022-06-13,2024-01-22,2.1025641025641026,7.0,True
5BB080011,ETHILON 4/0CT 3/8 16MM,80.0,38,2022-06-06,2023-12-25,2.1052631578947367,6.0,True
5BB030064,SONDE D'ASPIRATION PVC  CH.14,80.0,39,2022-06-27,2024-01-15,2.051282051282051,5.0,True
T00766,DIPRIVAN 200MG/20ML E  INJECTA (05),78.0,13,2023-02-27,2024-01-08,6.0,20.0,False
5AD120055,HEPARINE SOLUDIA 5000  INJECTA (25),78.0,49,2022-06-13,2024-01-22,1.5918367346938775,5.0,True
5BB030067,SONDE D'ASPIRATION PVC  CH6,77.0,33,2022-05-30,2024-01-29,2.3333333333333335,7.0,True
5BB060075,COUCHE 1ER AGE,76.0,37,2022-06-13,2024-01-01,2.054054054054054,7.0,True
5BB140062,UNKNOWN,73.0,23,2022-10-24,2024-01-29,3.1739130434782608,7.0,True
5AB100052,OEDES  20 MG COMPRIM  20MG GELULE (14),72.0,6,2023-03-27,2024-01-01,12.0,14.0,False
5AD120005,DICYNONE 250 MG/ 2ML SOL 250MG/2ML INJEC,70.0,8,2023-08-28,2024-01-08,8.75,20.0,False
5AD010023,FENTANYL JANSSEN 500  500 µG/10 INJECTA,69.0,21,2022-06-27,2024-01-22,3.2857142857142856,10.0,True
5BB140042,TUBE ANNEL,68.0,17,2022-09-12,2024-01-22,4.0,44.0,False
5BB060060,COMPRESSE NON TISSE 7.5X7.5 (5 PIECE,68.0,17,2022-11-28,2024-01-22,4.0,10.0,False
5BB090035,BRACELET  NOUVEAU-NE,67.0,38,2022-06-27,2024-01-08,1.763157894736842,7.0,True
T00505,TUBE  2ML F X GRI,67.0,7,2022-12-19,2023-07-24,9.571428571428571,20.0,False
5BB060077,COUCHES ADULTE L,66.0,28,2022-07-11,2024-01-29,2.357142857142857,10.0,True
5BB090225,CART.CG8,66.0,28,2023-06-12,2024-01-22,2.357142857142857,6.0,True
5BB010177,CATHETER VOIE CENTRALE TRI-LUMIERE A,64.0,30,2022-06-20,2024-01-22,2.1333333333333333,7.0,True
5AD150002,DIAPHARM 10MG/2ML AMP  INJECTA (05),63.0,36,2022-06-27,2024-01-15,1.75,6.0,True
5AB150020,GARDENAL 50 MG BOITE   COMPRIM (30),60.0,1,2023-10-02,2023-10-02,60.0,60.0,False
5AB070139,BISOCARD 2.5 MG BOITE  COMPRIM (30),60.0,2,2023-11-20,2024-01-15,30.0,30.0,False
5BB120005,ANIOS GEL 85 NPC SOLUT HYDRO EN 500M,59.0,18,2023-02-27,2023-12-18,3.2777777777777777,10.0,False
5BB010099,ROBINET 3 VOIES,57.0,29,2022-06-13,2023-11-27,1.9655172413793103,7.0,True
5AA010037,ROCURONIUM SP PH 50MG 50MG INJECTA (10),57.0,27,2022-06-13,2024-01-22,2.111111111111111,9.0,True
5AD020055,TRIAXON 500 MG/5ML IV  INJECTA (01),53.0,14,2022-06-13,2024-01-08,3.7857142857142856,11.0,False
5BB040043,SONDE GASTRIQUE CH16,52.0,31,2022-08-15,2024-01-22,1.6774193548387097,6.0,True
T00151,TAMPON ALCOLISE LINGETTE P. EC,51.0,36,2022-06-06,2024-01-22,1.4166666666666667,3.0,True
5AB070017,AVLOCARDYL 40 MG COMPRIM 40MG COMPRIM (5,50.0,1,2023-04-10,2023-04-10,50.0,50.0,False
5BB030043,MASQUE A O2 HAUT CONCENTRATION ENF,49.0,31,2022-06-13,2024-01-15,1.5806451612903225,5.0,True
5BB060029,BANDE JERSEY   5MX05,49.0,34,2022-05-30,2024-01-22,1.4411764705882353,4.0,True
5BB120034,SOLUTION  HYDROALCOOLIQUE 5L,48.0,38,2022-07-04,2024-01-22,1.263157894736842,3.0,True
5AD020085,METRIS 5MG/ML 5MG INJECTA (01),47.0,12,2022-05-30,2022-08-22,3.9166666666666665,8.0,False
5AD020014,UNKNOWN,46.0,10,2023-02-20,2023-05-01,4.6,9.0,False
5BB060030,BANDE JERSEY   5MX10,45.0,30,2022-05-30,2024-01-22,1.5,5.0,True
5AD220017,GLUCOSE 10% SOLUTION   SOLUTIO (01),45.0,29,2022-06-27,2024-01-22,1.5517241379310345,10.0,True
5AD120072,NOVEX 4000 UI ANTIXA/  INJECTA (02),45.0,23,2023-04-03,2024-01-22,1.9565217391304348,4.0,True
5BB020012,SONDE FOLEY  LATEX CH12,44.0,27,2022-11-07,2024-01-22,1.6296296296296295,3.0,True
5BB080222,VICRYL RAPIDE 3/0 3/8 CT 19MM PROMAMEC,43.0,25,2022-05-30,2023-10-30,1.72,4.0,True
5BB080014,ETHILON CRINERCE 3/0 CT 3/8C19MM,43.0,34,2022-05-30,2024-01-22,1.2647058823529411,4.0,True
5AD010026,HYDROCORTISONE LEURQUIN  100 MG INJECTA,42.0,14,2022-06-06,2024-01-08,3.0,26.0,False
5BB030065,SONDE D'ASPIRATION PVC  CH.16,42.0,20,2022-08-01,2024-01-22,2.1,6.0,True
5AB150010,DEPAKINE 500MG COMPRI  COMPRIM (40),40.0,1,2023-11-13,2023-11-13,40.0,40.0,False
5AB070032,CORDARONE 200MG COMPR 200MG COMPRIM (40),40.0,1,2023-01-02,2023-01-02,40.0,40.0,False
5BB080223,VICRYL RAPIDE 4/0 CR 1/2C 22MM PROMAMEC,40.0,32,2022-05-30,2023-12-11,1.25,4.0,True
5AD010049,PROPOFOL FRESENIUS 200MG 200MG INJECTA (,39.0,21,2022-05-30,2024-01-22,1.8571428571428572,5.0,True
5BB060117,SPARADRAP TEGADERM 3M 6X7CM,37.0,21,2022-06-20,2023-12-04,1.7619047619047619,7.0,True
5BB030069,UNKNOWN,37.0,20,2023-03-27,2023-12-25,1.85,5.0,True
5BB020024,SONDE FOLEY SILICO CH 16,36.0,23,2022-12-05,2024-01-22,1.565217391304348,4.0,True
5BB030070,SONDE D'ASPIRATION PVC  CH8,36.0,24,2022-05-30,2023-12-25,1.5,3.0,True
5AD120077,HEPARINE 5 000 UI/1 M  INJECTA (01),36.0,10,2022-11-28,2024-01-22,3.6,17.0,False
5BB030015,CANULE DE GUEDEL PVC  N° 3,35.0,26,2022-06-20,2024-01-22,1.3461538461538463,4.0,True
5BB020015,SONDE FOLEY  LATEX CH18,35.0,24,2022-06-20,2024-01-01,1.4583333333333333,3.0,True
5AD010029,KETALAR 10MG/ML SOLUTION INJECTABLE BOIT,34.0,9,2022-06-13,2024-01-22,3.7777777777777777,18.0,False
5AB020153,LEVOFLOXACINE NORMON   INJECTA (20),33.0,15,2022-06-20,2024-01-22,2.2,5.0,False
5AA080070,EAU OXYGENEE 10V  DEZENF  FL 30ML SPRAY,32.0,21,2022-06-06,2023-11-13,1.5238095238095237,9.0,True
5BB030063,SONDE D'ASPIRATION PVC  CH.12,32.0,16,2022-05-30,2024-01-01,2.0,14.0,False
5BB090052,CASAQUE RENFORCEE XL+L,32.0,11,2023-01-02,2024-01-08,2.909090909090909,10.0,False
5BB080225,VICRYL RAPIDE 5/0 3/8 CT 16MM,31.0,20,2022-06-13,2023-11-27,1.55,5.0,True
5AD010037,MIDAZOLAM AGUETTANT 50 M 50MG INJECTA (1,31.0,6,2022-08-29,2024-01-22,5.166666666666667,20.0,False
5AB140138,STANORM 10MG COMPRIME (3 10MG COMPRIM (3,30.0,1,2023-07-24,2023-07-24,30.0,30.0,False
5AD070010,ATROPINE PROMOPHARM 1 1 MG  INJECTA (100,30.0,12,2022-08-15,2024-01-22,2.5,10.0,False
5AB070139,BISCARD 2.5 MG BOITE   COMPRIM (30),30.0,1,2023-09-11,2023-09-11,30.0,30.0,False
T00685,PERFUSEUR A SERUM SANS ROBINET,30.0,19,2022-12-12,2024-01-15,1.5789473684210527,5.0,False
5BB010073,INTRANULE G 16,30.0,20,2022-10-17,2024-01-29,1.5,3.0,True
5BB130137,DISPOSITIF POUR BLOCAGE D'EPAULE ET BRAS,29.0,23,2022-06-20,2023-09-04,1.2608695652173914,3.0,True
5AE190012,VENTOLINE 50 MG/10 ML  Nébulis (01),29.0,17,2022-11-07,2024-01-29,1.7058823529411764,4.0,False
5BB030112,TAMPON NASAL DROIT 80MM CLARITAS,29.0,14,2022-12-12,2023-12-25,2.0714285714285716,4.0,False
5AD140011,KONAKION MM 10 MG/ML   INJECTA (05),29.0,7,2022-06-06,2023-11-06,4.142857142857143,20.0,False
5AD070034,UNKNOWN,28.0,13,2022-10-17,2023-11-13,2.1538461538461537,6.0,False
5BB0506098,ORTHESE DE POIGNET DROIT T2,28.0,24,2022-07-25,2024-01-22,1.1666666666666667,2.0,True
5BB080016,ETHILON CRINERCE N°2/0 AT 3/8C 26MM,28.0,19,2022-05-30,2024-01-22,1.4736842105263157,5.0,False
659988,VOLTARENE 75 MG / 3ML  INJECTA (05),28.0,14,2023-07-10,2024-01-22,2.0,4.0,False
5BB090225,CART.CG8 X 25 TESTS,26.0,16,2022-06-20,2023-05-29,1.625,5.0,False
5BB030099,SONDE D'INTUBATION BALLT CH7.5,26.0,16,2022-05-30,2024-01-22,1.625,5.0,False
5AD220024,PLASMION 15 G SOLUTION P 15G INJECTA (01,26.0,22,2022-06-27,2024-01-22,1.1818181818181819,2.0,True
5BB010008,AIGUILLE A PONCTION LOMB G20 L38MM,25.0,14,2023-07-24,2024-01-29,1.7857142857142858,3.0,False
5BB080183,VICRYL 5/0 2AIG 1/4C    (01),24.0,17,2022-05-30,2023-08-28,1.411764705882353,3.0,False
5BB080229,VICRYL SERTI 3/0 CR 1/2C26MM PROMAMEC,23.0,12,2022-12-26,2023-12-25,1.9166666666666667,10.0,False
5BB030050,MASQUE VNI,23.0,17,2022-11-14,2024-01-22,1.3529411764705883,3.0,False
5AD010015,UNKNOWN,22.0,14,2023-03-20,2023-10-16,1.5714285714285714,4.0,False
5BB030098,SONDE D'INTUBATION BALLT CH7,22.0,18,2022-08-01,2024-01-15,1.2222222222222223,4.0,False
5AD070035,NOVEX 4000 UI ANTI XA  INJECTA (06),22.0,11,2022-10-03,2024-01-22,2.0,6.0,False
4AA020195,TUBE CONIQUE EN PLASTIQUE 10 ML,22.0,7,2023-05-29,2024-01-01,3.142857142857143,4.0,False
5BB130195,ORTHESE DE POIGNET GAUCHE T2,21.0,20,2022-06-20,2024-01-01,1.05,2.0,True
5BB130016,ATTELLE DE GENOU TL,21.0,17,2022-07-25,2023-11-06,1.2352941176470589,3.0,False
5BB130127,ORTHESE RIGIDE DE LA CHEVILLE 0 DROIT,21.0,18,2022-10-10,2023-12-04,1.1666666666666667,2.0,False
5BB080350,ETHILON CRINERCE 3/0 CT 3/8 C 24MM,21.0,15,2022-05-30,2023-11-27,1.4,3.0,False
5AD150004,LARGACTIL 25 MG/5 ML SOL 25MG/5ML INJECT,20.0,6,2023-01-30,2024-01-29,3.3333333333333335,10.0,False
5AB070055,LASILIX 40 MG COMPRIMÉ B 40MG COMPRIM (2,20.0,1,2023-09-25,2023-09-25,20.0,20.0,False
5BB130136,DISPOSITIF POUR BLOCAGE D'EPAULE ET BRAS,20.0,18,2022-08-22,2023-09-18,1.1111111111111112,2.0,False
5BB130031,ATTELLE DE ZIMMER 3X46CM,19.0,18,2022-06-20,2023-09-25,1.0555555555555556,2.0,False
T00620,VICRYL LENT SERTI 4/0 1/2 CR 26MM,18.0,15,2022-09-26,2023-12-18,1.2,2.0,False
5BB7465213,SURCHAUSSURES NON TISSE ROSE,18.0,1,2023-01-09,2023-01-09,18.0,18.0,False
5BB120004,ANIOS GEL 85 NPC SOLUT HYDRO EN 1LIT,17.0,10,2023-01-23,2023-12-18,1.7,3.0,False
5BB010118,TRANSFUSEUR A SANG STERILE,17.0,10,2022-06-27,2023-11-20,1.7,4.0,False
5BB060031,BANDE JERSEY   5MX15,17.0,12,2022-05-30,2024-01-15,1.4166666666666667,3.0,False
5BB130126,ORTHESE RIGIDE DE LA CHEVILLE 0 GAUCHE,17.0,15,2022-06-27,2023-12-25,1.1333333333333333,2.0,False
5AD120024,UNKNOWN,16.0,15,2022-05-30,2023-10-09,1.0666666666666667,2.0,False
5BB130045,DISPOSITIF POUR BLOCAGE D'EPAULE ET BRAS,16.0,14,2022-06-20,2023-10-02,1.1428571428571428,2.0,False
5AD160174,ONDANSETRON NORMON 8M  INJECTA (50),15.0,9,2023-08-07,2024-01-15,1.6666666666666667,3.0,False
T00681,GANT DE CHIR.STERILE EN LATEX T 08.5,15.0,13,2023-04-17,2023-12-25,1.1538461538461537,3.0,False
5AA080035,HUILE DE PARAFFINE 1L  SOLUTIO (01),15.0,13,2022-09-12,2024-01-22,1.1538461538461537,2.0,False
5AD070017,EPHÉDRINE AGUETTANT 3 30MG INJECTA (10),15.0,10,2022-08-22,2023-12-25,1.5,3.0,False
5BB030011,CANULE DE GUEDEL PVC  N 4,15.0,10,2022-07-11,2024-01-22,1.5,5.0,False
T00341,ATTELLE DE GENOU TM,14.0,11,2023-03-13,2024-01-22,1.2727272727272727,2.0,False
5BB040052,SONDE GASTRIQUE SALEM CH14,14.0,10,2022-06-27,2024-01-22,1.4,2.0,False
5BB030062,SONDE D'ASPIRATION PVC CH.10,14.0,11,2022-05-30,2023-12-18,1.2727272727272727,2.0,False
5BB080343,PROLENE 6/0 CR 2AIG 3/8 C 11MM 60CM,14.0,13,2022-06-13,2024-01-29,1.0769230769230769,2.0,False
5BB130097,COLLIER CERV PHYLADELPHIA TM LOCAORT ARC,14.0,14,2022-11-21,2023-12-18,1.0,1.0,False
5BB060019,BANDE DE GAZE 20CM,13.0,8,2022-06-20,2023-12-11,1.625,3.0,False
5BB060108,SPARADRAP HYPO 5CMX10M,12.0,3,2023-04-24,2023-12-18,4.0,10.0,False
5BB130018,ATTELLE DE GENOU TS,12.0,12,2022-06-27,2024-01-01,1.0,1.0,False
5BB010167,CATHETER VOIE CENTRALE PED 3L 4FRX8C,12.0,8,2022-08-01,2023-12-25,1.5,2.0,False
5BB080117,PROLENE 6/0 2 AIG 3/8CR M.P9.3MM 50CM PR,12.0,11,2022-06-13,2024-01-15,1.0909090909090908,2.0,False
5BB120008,ANIOS SPRAY 29 EN 5L DESINSURFACE,12.0,8,2022-07-04,2024-01-08,1.5,4.0,False
5AA080053,VASELINE POT 1KG  POT (01),12.0,12,2022-07-04,2024-01-22,1.0,1.0,False
T00679,SERINGUE 3ML,12.0,8,2023-08-07,2024-01-22,1.5,3.0,False
5AD020092,LIKACIN 500MG/2ML 500MG/2ML INJECTA (50),12.0,3,2022-06-27,2023-10-02,4.0,5.0,False
T00508,CASAQUE STERILE RENFORCEE CESMA,12.0,4,2023-01-09,2023-12-04,3.0,5.0,False
5AA010029,DOLIPRANE 200 MG SUPP  SUPPOSI (10),11.0,10,2022-06-06,2023-09-04,1.1,2.0,False
5BB020023,SONDE FOLEY SILICO CH 14,11.0,10,2023-04-24,2024-01-29,1.1,2.0,False
5AA010032,DOLIPRANE 100 MG BOÎT  SUPPOSI (10),11.0,8,2022-06-13,2024-01-01,1.375,2.0,False
5AD100001,ANTAGON H2 200 MG SOLUTI 200MG INJECTA (,11.0,2,2022-11-14,2023-12-11,5.5,10.0,False
5BB060076,COUCHES 2IEME AGE,10.0,9,2022-06-20,2023-11-13,1.1111111111111112,2.0,False
5BB130136,DISPOSITIF POUR BLOCAGE D'EPAULE M,10.0,7,2023-10-16,2024-01-08,1.4285714285714286,2.0,False
5AA080067,BAITANET D 120 ML  SOLUTIO (01),10.0,1,2024-01-22,2024-01-22,10.0,10.0,False
5AB070053,KARDEGIC 75 MG POUDRE EN 75MG SACHET (30,9.0,3,2022-08-08,2022-11-07,3.0,4.0,False
5BB130135,DISPOSITIF POUR BLOCAGE D'EPAULE ET BRAS,9.0,8,2022-12-19,2023-09-11,1.125,2.0,False
5AD220018,GLUCOSE 30% SOLUTION   SOLUTIO (01),9.0,9,2022-07-04,2024-01-22,1.0,1.0,False
5BB080411,NYLON 2/0 CT 3/8 26 MM,9.0,7,2023-10-09,2023-12-25,1.2857142857142858,2.0,False
5BB090125,PENIFLOW ADULTE ETUI PENIEN XL,9.0,7,2023-01-30,2024-01-22,1.2857142857142858,2.0,False
5BB090135,PROLONGATEUR  UU 200 CM,9.0,2,2023-01-16,2023-11-20,4.5,6.0,False
5BB130017,ATTELLE DE GENOU TM,9.0,9,2022-08-22,2024-01-29,1.0,1.0,False
5AB120003,KARDEGIC 160 MG POUDRE E 160MG SACHET (3,9.0,6,2022-10-17,2023-03-06,1.5,2.0,False
5BB040053,SONDE GASTRIQUE SALEM CH16,8.0,8,2023-01-02,2024-01-01,1.0,1.0,False
T00340,MONOCRYL RÉSORBABLE 4/0 3/8CT 16MM,8.0,8,2023-07-24,2024-01-15,1.0,1.0,False
5BB010009,AIGUILLE A PONCTION LOMB G22 L38MM,8.0,2,2024-01-01,2024-01-15,4.0,7.0,False
55BB130195,POIGNET LIGAFLEX CLASSIC GAUCHE T2,8.0,8,2022-10-31,2023-11-27,1.0,1.0,False
5AD010028,HYPNOMIDATE 2 MG/ML SOLU 2MG/ML INJECTA,8.0,5,2022-08-01,2022-11-28,1.6,3.0,False
T00721,ANNEAU CLAVICULAIRE SM,8.0,7,2023-03-27,2023-12-11,1.1428571428571428,2.0,False
5AD020026,GENTAMYCINE LLORENTE   INJECTA (01),8.0,8,2022-10-31,2024-01-01,1.0,1.0,False
5BB080203,VICRYL LENT SERTI  3/8 CR  26MM 2/0 PROM,8.0,6,2022-06-06,2023-11-13,1.3333333333333333,2.0,False
5BB010072,INTRANULE G 14,8.0,6,2022-08-29,2023-08-28,1.3333333333333333,2.0,False
5BB080236,UNKNOWN,8.0,5,2023-04-10,2023-08-14,1.6,4.0,False
5BB080336,VICRYL RAPIDE 4/0 CT 3/8 CT 24MM,8.0,7,2022-11-14,2023-09-25,1.1428571428571428,2.0,False
5BB130019,ATTELLE DE GENOU XL,8.0,8,2022-11-14,2023-12-11,1.0,1.0,False
5BB130149,ECHARPE AVANT BRAS TM,8.0,8,2022-06-06,2023-12-04,1.0,1.0,False
5BB020018,SONDE FOLEY LATEX CH8,8.0,7,2022-09-12,2023-10-02,1.1428571428571428,2.0,False
5BB080409,NYLON 3/0 CT 3/8 19 MM,8.0,6,2023-10-09,2023-12-25,1.3333333333333333,2.0,False
5BB130103,COLLIER CERV PHYLADELPHIA TS LOCAORT ARC,8.0,7,2022-11-07,2023-12-04,1.1428571428571428,2.0,False
5AA010033,DOLIPRANE 150 MG SUPP  SUPPOSI (10),8.0,7,2022-06-06,2023-11-06,1.1428571428571428,2.0,False
5BB080200,VICRYL LENT SERTI  3/8 CR  17MM 3/0,7.0,7,2023-01-02,2024-01-22,1.0,1.0,False
5AD220023,MANNITOL 10% SOLUTION  INJECTA (12),7.0,5,2023-04-03,2023-12-25,1.4,3.0,False
5BB130128,ORTHESE RIGIDE DE LA CHEVILLE 1  GAUCHE,7.0,7,2023-06-26,2024-01-01,1.0,1.0,False
5AA080013,BETADINE SCRUB 4% SOL  INJECTA (01),7.0,5,2022-12-19,2024-01-22,1.4,2.0,False
5AE190011,VENTOLINE 100 MCG/DOSE S 100UG/dos Nébul,7.0,6,2022-09-12,2024-01-15,1.1666666666666667,2.0,False
5BB040044,UNKNOWN,7.0,6,2022-07-04,2023-11-06,1.1666666666666667,2.0,False
5BB130148,ECHARPE AVANT BRAS T S,7.0,6,2023-10-30,2024-01-22,1.1666666666666667,2.0,False
5AD020073,METRONIDAZOLE COOPER   500MG INJECTA (25,7.0,7,2022-11-14,2024-01-01,1.0,1.0,False
5BB030111,TAMPON NASAL DROIT 45MM CLARITAS,7.0,3,2022-12-12,2024-01-08,2.3333333333333335,4.0,False
5AA080063,EOSINE DEZENFEKT SPRAY F FL 30ML SPRAY (,6.0,4,2022-07-25,2023-11-13,1.5,3.0,False
5BB130135,DISPOSITIF POUR BLOCAGE D'EPAULE S,6.0,5,2023-10-09,2023-12-25,1.2,2.0,False
5BB090221,PROLONGATEUR VYGON,6.0,6,2022-06-13,2024-01-22,1.0,1.0,False
5BB030013,CANULE DE GUEDEL PVC  N° 1,6.0,5,2023-09-04,2024-01-15,1.2,2.0,False
65589,BOTTE DE MARCHE HAUTE M,6.0,6,2023-09-04,2024-01-01,1.0,1.0,False
5BB130215,ATTELLE DE STACK IPP T3,6.0,6,2023-05-01,2024-01-08,1.0,1.0,False
5BB060066,COMPRESSE STERILE RX TISSE 7.5X7.5 P,6.0,2,2023-10-02,2023-10-23,3.0,4.0,False
5AD020082,TRIAXON 1G/3.5ML IM S  INJECTA (01),6.0,3,2023-06-26,2024-01-15,2.0,2.0,False
5AD220021N,GLUCOSE 5% POCHE DE 5  POCHE (01),6.0,6,2023-04-03,2024-01-15,1.0,1.0,False
5BB050634,CATHETER ARTERIEL FEMORAL 18G*12CM,6.0,6,2022-06-27,2024-01-22,1.0,1.0,False
5BB070305,VICRYL LENT SERTI 4/0 CT 3/8 24MM,5.0,4,2023-10-02,2024-01-01,1.25,2.0,False
5AD110004,SYNTOCINON 5 UI/1 ML SOL 5UI/ML INJECTA,5.0,1,2023-07-24,2023-07-24,5.0,5.0,False
5BB090125,PENIFLOW ADULTE ETUI PENIEN,5.0,5,2022-07-11,2022-12-12,1.0,1.0,False
5BB010170,CATHETER VOIE CENTRALE PED 2L 5FRX13CM,5.0,4,2022-11-28,2023-10-30,1.25,2.0,False
5BB080118,PROLENE 7/0 2 AIG 3/8 CR M.P 13MM PROM,5.0,4,2023-11-20,2024-01-08,1.25,2.0,False
5BB080349,VICRYL RAPIDE 3/0 3/8CT 16MM,5.0,4,2022-12-26,2024-01-08,1.25,2.0,False
5BB030096,SONDE D'INTUBATION BALLT CH6,5.0,5,2022-10-31,2023-10-30,1.0,1.0,False
5BB130129,ORTHESE RIGIDE DE LA CHEVILLE 1 DROIT,5.0,5,2023-05-01,2023-11-20,1.0,1.0,False
T00723,ECHARPE D'IMMOBILISATION TS-M,5.0,5,2023-09-11,2024-01-15,1.0,1.0,False
5BB130080,COLLIER CERVICALE MOUSSE T L,5.0,5,2023-05-01,2024-01-08,1.0,1.0,False
5BB130081,COLLIER CERVICALE MOUSSE T M,5.0,4,2023-05-01,2023-10-23,1.25,2.0,False
5BB080405,ASSUCRYL RAPIDE 3/0 CT 3/8 19MM,5.0,4,2023-11-13,2024-01-22,1.25,2.0,False
5BB0201030,SURBLOUSE VISITEUR NON STERILE ROSE,5.0,1,2023-03-27,2023-03-27,5.0,5.0,False
5BB020025,SONDE FOLEY SILICO CH 18,5.0,3,2022-08-22,2023-08-07,1.6666666666666667,3.0,False
5BB090137,PROLONGATEUR + ROBINET 3VOIE L150CM,5.0,5,2023-11-13,2024-01-22,1.0,1.0,False
5BB080407,ASSUCRYL RAPIDE 4/0 CT 3/8 24MM,5.0,4,2023-11-13,2024-01-15,1.25,2.0,False
5BB130025,ATTELLE DE STACK IPPT1,4.0,4,2022-05-30,2023-10-23,1.0,1.0,False
5BB130045,DISPOSITIF POUR BLOCAGE D'EPAULE XL,4.0,4,2023-11-20,2024-01-01,1.0,1.0,False
5AD140038,ACTRAPID HM  PEN/3ML   INJECTA (05),4.0,4,2023-06-05,2024-01-29,1.0,1.0,False
5AA010030,DOLIPRANE 300 MG SUPP  SUPPOSI (10),4.0,3,2022-06-06,2023-07-24,1.3333333333333333,2.0,False
T00617,LUNETTE A OXYGENE NEO-NAT,4.0,4,2022-07-04,2023-09-04,1.0,1.0,False
08749,SURGIPRO 6-0 3/8 13MM,4.0,2,2023-07-31,2023-08-07,2.0,3.0,False
5BB010007,AIGUILLE DE POCTION LOMBAIRE G19 90MM,4.0,4,2022-12-26,2023-12-04,1.0,1.0,False
5BB030014,CANULE DE GUEDEL PVC  N° 2,4.0,3,2022-08-15,2023-03-13,1.3333333333333333,2.0,False
5AB071024,UNKNOWN,4.0,3,2022-10-31,2023-02-20,1.3333333333333333,2.0,False
5BB080116,PROLENE 5/0 CR 1AIG 1/2 17MM 75CM PROMAM,4.0,4,2022-09-26,2024-01-22,1.0,1.0,False
5BB080039,UNKNOWN,4.0,3,2023-07-24,2023-10-30,1.3333333333333333,2.0,False
5BB030107,SONDE D'INTUBATION S.BALLT CH4.5,4.0,1,2023-10-02,2023-10-02,4.0,4.0,False
5BB040042,SONDE GASTRIQUE CH14,4.0,3,2023-12-11,2024-01-01,1.3333333333333333,2.0,False
5BB060184,UNKNOWN,4.0,1,2022-06-13,2022-06-13,4.0,4.0,False
5BB080100,PROLENE 3/0 CR 2AIG 1/2C 26MM,4.0,4,2023-09-25,2024-01-22,1.0,1.0,False
5BB130022,ATTELLE DE STACK IPP T4,4.0,4,2023-02-27,2023-12-04,1.0,1.0,False
5AA070004,NITRODERM TTS 10MG PA  PATCH (10),3.0,3,2023-06-05,2024-01-08,1.0,1.0,False
5BB060032,BANDE JERSEY  5MX07,3.0,3,2023-01-02,2023-05-01,1.0,1.0,False
5AD070032,CARDIJECT 250 MG/20 ML S 250MG INJECTA (,3.0,3,2022-09-12,2023-07-31,1.0,1.0,False
T00722,ECHARPE D'IMMOBILISATION TL-XXL,3.0,3,2023-09-04,2023-11-06,1.0,1.0,False
T00720,ORTHESE D IMMOBILISATION DE POIGNET,3.0,3,2023-03-20,2023-08-14,1.0,1.0,False
5AD010025,FENTANYL MYLAN 500 µG 5AD010025 INJECTA,3.0,1,2024-01-01,2024-01-01,3.0,3.0,False
5BB8465486,SURGIPRO 5-0 17MM 2AIG,3.0,3,2023-04-10,2023-07-17,1.0,1.0,False
5BB130096,COLLIER CERV PHYLADELPHIA TL LOCAORT ARC,3.0,3,2022-07-25,2023-05-08,1.0,1.0,False
5BB020026,UNKNOWN,3.0,2,2023-05-29,2023-07-17,1.5,2.0,False
5BB030090,SONDE D'INTUBATION BALLT CH3,3.0,2,2022-09-12,2023-09-18,1.5,2.0,False
5BB080217,VICRYL LENT SERTI 2 1/2AT48MM  PROMAME,3.0,3,2023-04-10,2023-07-31,1.0,1.0,False
5BB080197,VICRYL LENT SERTI  1/2 CR 26MM 1 PROM,3.0,3,2022-08-08,2023-06-26,1.0,1.0,False
5AD020079,UNKNOWN,3.0,3,2022-08-08,2023-01-16,1.0,1.0,False
5BB130191,POIGNET LIGAFLEX CLASSIC DROIT T1,3.0,3,2022-08-08,2023-11-13,1.0,1.0,False
5BB130192,POIGNET LIGAFLEX CLASSIC DROIT T2,3.0,3,2022-10-31,2023-12-25,1.0,1.0,False
5BB130194,POIGNET LIGAFLEX CLASSIC GAUCHE T1,3.0,2,2023-01-30,2023-07-31,1.5,2.0,False
5AB010153,ASPEGIC 500MG SACHETS  SACHET (01),3.0,2,2022-05-30,2022-11-21,1.5,2.0,False
5BB130176,ATTELLE DE ZIMER 1.8 CM,3.0,2,2023-11-13,2024-01-01,1.5,2.0,False
54446,ECHARPE AVANT BRAS TAILLE L,3.0,3,2023-09-04,2023-11-20,1.0,1.0,False
5AD160064,ONDANSETRON GT 8MG-4M  INJECTA (01),3.0,3,2023-11-27,2024-01-01,1.0,1.0,False
5AD140012,KONAKION MM PÉDIATRIQ  INJECTA (05),3.0,3,2022-11-14,2024-01-08,1.0,1.0,False
5AA070002,NITRODERM 5MG PATCHS   PATCH (10),2.0,2,2022-10-31,2023-08-28,1.0,1.0,False
5AA080001,AGIDERM 2% CRÈME TUBE DE 15 G CREME (01),2.0,2,2022-06-20,2022-11-21,1.0,1.0,False
5AD200024,OMNIPAQUE 100 350 MG/  INJECTA (01),2.0,1,2022-12-26,2022-12-26,2.0,2.0,False
T00054,SPARADRAP PREDECOUPE AQUAFILM 20CM*10,2.0,1,2023-04-24,2023-04-24,2.0,2.0,False
5BB130201,ANNEAU CLAVICULAIRE T   (01),2.0,2,2023-03-13,2024-01-01,1.0,1.0,False
5BB130189,ATTELLE WALKER COURTE M,2.0,2,2023-08-14,2023-10-16,1.0,1.0,False
5BB130200,ANNEAU CLAVICULAIRE  TS,2.0,2,2023-01-09,2023-06-05,1.0,1.0,False
5BB130184,ATTELLE WALKER COURTE S,2.0,2,2023-08-28,2023-10-16,1.0,1.0,False
5BB040047,SONDE GASTRIQUE CH8 VYGON,2.0,2,2022-06-27,2022-09-19,1.0,1.0,False
5AD120076,HEPARINE 25000 UI / 5  INJECTA (01),2.0,2,2022-11-14,2023-12-25,1.0,1.0,False
5BB130174,IMMOBILISATEUR BRAS EPAULE TXL,2.0,2,2022-08-22,2023-11-20,1.0,1.0,False
5BB090461K,GANT DE CHIR. STERILE GAMMEX 8,2.0,1,2023-12-25,2023-12-25,2.0,2.0,False
5BB130004,ANNEAU CLAVICULAIRE TM,2.0,2,2022-12-05,2023-01-30,1.0,1.0,False
5BB090398,VICRYL RAPIDE 3/0 3/8 CT24 MM PROMAMEC,2.0,2,2023-10-16,2024-01-01,1.0,1.0,False
5BB010031,AIGUILLE P. INJECTIONS G18,2.0,1,2023-08-14,2023-08-14,2.0,2.0,False
5BB020002,KIT DE DRAINAGE SUS-PUBIEN CH 12,2.0,2,2023-06-26,2023-08-07,1.0,1.0,False
5BB070053,UNKNOWN,2.0,2,2023-12-25,2024-01-22,1.0,1.0,False
5AD020027,GENTAMYCINE LLORENTE   INJECTA (06),2.0,1,2024-01-15,2024-01-15,2.0,2.0,False
5BB070106,DRAIN THORACIQUE  CH32,2.0,1,2023-01-16,2023-01-16,2.0,2.0,False
5BB010092,PLEUROCATH 10 F,2.0,1,2023-01-09,2023-01-09,2.0,2.0,False
5BB010176,CATHETER ARTERIEL RADIAL 20GA-5CM,2.0,2,2022-09-12,2022-11-28,1.0,1.0,False
5BB030092,SONDE D'INTUBATION BALLT CH4,2.0,1,2022-06-27,2022-06-27,2.0,2.0,False
5BB080341,VICRYL SERTI 2/0 CT 1/2C 30MM,2.0,2,2022-11-21,2023-09-25,1.0,1.0,False
5BB040104,SONDE GASTRIQUE SILICONEE CH16,2.0,2,2023-03-20,2023-08-14,1.0,1.0,False
5BB5451163,ASTRALEN 2-0 CT AD 50MM 75CM,2.0,2,2022-10-24,2023-01-09,1.0,1.0,False
5AB070192,BISCARD 5 MG BOITE DE  COMPRIM (30),2.0,2,2023-08-21,2023-11-13,1.0,1.0,False
5BB030012,CANULE DE GUEDEL PVC  N° 0,2.0,1,2023-09-18,2023-09-18,2.0,2.0,False
5BB090389,CIRCUIT PATIENT AVEC PIEGES A EAU AD,2.0,2,2023-12-25,2024-01-22,1.0,1.0,False
5BB130082,COLLIER CERV ACTIMOVE MOUSSE TS,2.0,2,2023-05-15,2023-05-22,1.0,1.0,False
5BB030077,SONDE D'INTUBATION ARME A/B CH7.5,2.0,2,2023-05-29,2023-08-14,1.0,1.0,False
5BB020017,SONDE FOLEY LATEX CH6,2.0,2,2022-06-20,2023-01-30,1.0,1.0,False
5BB130220,CEINTURE LOMBAIRE TM,2.0,2,2023-08-21,2023-10-30,1.0,1.0,False
5BB090327,UNKNOWN,2.0,2,2023-10-30,2023-12-04,1.0,1.0,False
5BB090357,COUSSIN D'ABDUCTION D'EPAULE,2.0,2,2023-12-18,2024-01-01,1.0,1.0,False
T00619,PROLENE 4/0 1AIG 17MM 1/2 CR,1.0,1,2023-10-30,2023-10-30,1.0,1.0,False
5AA080089,HEC P.DER TUBE DE 25   POMMADE (01),1.0,1,2023-12-11,2023-12-11,1.0,1.0,False
5BB130137,DISPOSITIF POUR BLOCAGE D'EPAULE L,1.0,1,2023-12-18,2023-12-18,1.0,1.0,False
54789,BOTTE DE MARCHE HAUTE XL,1.0,1,2023-10-23,2023-10-23,1.0,1.0,False
558974,BOTTE DE MARCHE HAUTE S,1.0,1,2023-11-13,2023-11-13,1.0,1.0,False
5BB040046,SONDE GASTRIQUE CH6 VYGON,1.0,1,2023-09-18,2023-09-18,1.0,1.0,False
5BB040054,SONDE GASTRIQUE SALEM CH18,1.0,1,2023-01-02,2023-01-02,1.0,1.0,False
5BB040102,SONDE GASTRIQUE SILICONEE CH12,1.0,1,2023-12-18,2023-12-18,1.0,1.0,False
T00431,SET DE PRESSION  P. CABLE INTERFACE A 1,1.0,1,2022-09-12,2022-09-12,1.0,1.0,False
5AD120068,FLUMAX 6000 UI ANTI-X  INJECTA (02),1.0,1,2022-12-19,2022-12-19,1.0,1.0,False
5BB050635,CATHETER ARTERIEL RADIAL 24GA-5CM,1.0,1,2022-11-28,2022-11-28,1.0,1.0,False
5BB040103,SONDE GASTRIQUE SILICONEE CH14,1.0,1,2023-03-06,2023-03-06,1.0,1.0,False
5BB080342,PROLENE 3/0 CR 2AIG 3   (01),1.0,1,2023-12-25,2023-12-25,1.0,1.0,False
5BB080376,ASSUCRYL 5/0 CR 3/8 13MM,1.0,1,2023-12-11,2023-12-11,1.0,1.0,False
5BB010172,CATHETER VOIE CENTRALE PED 2L 4FRX13,1.0,1,2022-09-12,2022-09-12,1.0,1.0,False
5BB010115,SET DE PRESSION  P. CABLE INTERFACE A 1,1.0,1,2023-01-16,2023-01-16,1.0,1.0,False
5BB010094,PLEUROCATH 8 F,1.0,1,2023-07-31,2023-07-31,1.0,1.0,False
5BB030085,SONDE D'INTUBATION ARMEE A/B N°7,1.0,1,2023-08-21,2023-08-21,1.0,1.0,False
5BB080213,VICRYL LENT SERTI 1/2 CR 48MM 2 PROM,1.0,1,2024-01-22,2024-01-22,1.0,1.0,False
5BB070130,FILTRE ANTIBACTERIEN ENFANT,1.0,1,2023-10-02,2023-10-02,1.0,1.0,False
5BB070426,LAME DE BISTOURI N°11,1.0,1,2023-12-11,2023-12-11,1.0,1.0,False
5BB070009,AGRAFEUSE DE PEAU U.U  35W,1.0,1,2023-08-28,2023-08-28,1.0,1.0,False
5BB060116,SPARADRAP TEGADERM 3M 5X7.5CM,1.0,1,2023-11-27,2023-11-27,1.0,1.0,False
5BB070085,DRAIN THORACIQUE DE JOLEY ARMEE CH20,1.0,1,2023-06-26,2023-06-26,1.0,1.0,False
5AD010090,UNKNOWN,1.0,1,2023-10-16,2023-10-16,1.0,1.0,False
5BB080115,UNKNOWN,1.0,1,2022-09-26,2022-09-26,1.0,1.0,False
5BB080113,UNKNOWN,1.0,1,2024-01-15,2024-01-15,1.0,1.0,False
5BB040040,SONDE GASTRIQUE EN SILICONNE CH 10,1.0,1,2022-09-12,2022-09-12,1.0,1.0,False
5BB030094,SONDE D'INTUBATION BALLT CH5,1.0,1,2022-11-28,2022-11-28,1.0,1.0,False
5BB010316,ATTELLE WALKER COURTE L,1.0,1,2023-08-28,2023-08-28,1.0,1.0,False
5BB090086,GEL ECHOGRAPHIE ULTRASONS BIDON DE 5L,1.0,1,2023-12-18,2023-12-18,1.0,1.0,False
5BB130214,ATTELLE DE STACK TAILLE T2,1.0,1,2023-09-04,2023-09-04,1.0,1.0,False
5BB090030,BOCAUX DES URINES DE 24 HEURES,1.0,1,2023-02-20,2023-02-20,1.0,1.0,False
5BB020029,SONDE PROSTATIQUE SILIC 3 VOI CH20,1.0,1,2023-06-26,2023-06-26,1.0,1.0,False
5BB6644864,DRAIN THORACIQUE DE JOLEY ARMEE CH16,1.0,1,2024-01-22,2024-01-22,1.0,1.0,False
5BB130206,CEINTURE LOMBAIRE TL,1.0,1,2023-08-28,2023-08-28,1.0,1.0,False
5BB080416,NYLON 4/0 CT 3/8 16MM,1.0,1,2024-01-15,2024-01-15,1.0,1.0,False
5BB120074,ANIOSYME PRIME DETERGENTE ET DESINFECTAN,1.0,1,2024-01-08,2024-01-08,1.0,1.0,False
5BB090286,GANT DE CHIR. STERILE GAMMEX 7.5,1.0,1,2023-12-11,2023-12-11,1.0,1.0,False
T00688,PLEUROCATH 6F,1.0,1,2023-07-31,2023-07-31,1.0,1.0,False
556985,BOTTE DE MARCHE HAUTE L,1.0,1,2023-09-04,2023-09-04,1.0,1.0,False
